<?xml version="1.0" encoding="utf-8"?>
<extension version="1.7" type="plugin" group="search" method="upgrade">
	<name>Search - JA Comment</name>
	<author>JoomlArt.com</author>
	<creationDate>March 2012</creationDate>
	<copyright>Copyright (C), J.O.O.M Solutions Co., Ltd. All Rights Reserved.</copyright>
	<license>license GNU/GPLv3 http://www.gnu.org/licenses/gpl-3.0.html</license>
	<authorEmail>webmaster@joomlart.com</authorEmail>
	<authorUrl>www.joomlart.com</authorUrl>
	<version>2.5.0</version>
	<description>
	<![CDATA[
		<h1>JA Comment Search Plugin for Joomla! 2.5</h1>
		<div style='font-weight: normal'>
		<p><span style='color: #ff6600;'><strong>Features:</strong></span>
		Allow users to search in JA Comments also, when using Joomla search component.</p>
		
		<strong><span style='color: #ff0000;'>Usage Instruction:</span></strong><br />
		<ul>
		<li>Enable JA Comment Search Plugin in Plugin Manager</li>
		</ul>
		<strong><span style='color: #ff0000;'>Upgrade Method:</span><br /></strong>
		<ul>
		  <li>You can install new version directly over this version. Uninstallation is not required. </li>
		  </ul>
	
		<span style='color: #008000;'><strong>Links:</strong></span><br />
		<ul>
		<li><a target="_blank" href="http://wiki.joomlart.com/wiki/JA_Comment/Overview">Wiki Userguide</a></li>
		 <li><a target='_blank' href='http://update.joomlart.com/'>Updates &amp; Versions</a></li>
		 <li><a target='_blank' href='http://www.joomlart.com/forums/forumdisplay.php?194'>JA Comment Forum</a></li>
		</ul>
		<p>Copyright 2004 - 2012 <a href='http://www.joomlart.com/' title='Visit Joomlart.com!'>JoomlArt.com</a>.</p>
		</div>
		]]>
		</description>	
	<files>
		<filename plugin="search_jacomment">search_jacomment.php</filename>
		<filename plugin="search_jacomment">index.html</filename>
	</files>	
	<languages>
        <language tag="en-GB">en-GB.plg_search_search_jacomment.ini</language>
    </languages>
	<config>
		<fields name="params">
			<fieldset name="basic">
				<field 
					name="search_limit" 
					type="text" 
					size="5" 
					default="50" 
					label="SEARCH_LIMIT"
					description="SEARCH_LIMIT_DESC"
				/>
			</fieldset>
		</fields>
	</config>
</extension>