<?xml version="1.0" encoding="utf-8"?>
<extension version="1.7" type="plugin" group="content" method="upgrade">
	<name>Content - JA Comment</name>
	<author>JoomlArt.com</author>
	<creationDate>March 2012</creationDate>
    <copyright>Copyright (C), J.O.O.M Solutions Co., Ltd. All Rights Reserved.</copyright>
	<license>license GNU/GPLv3 http://www.gnu.org/licenses/gpl-3.0.html</license>
	<authorEmail>webmaster@joomlart.com</authorEmail>
	<authorUrl>www.joomlart.com</authorUrl>
	<version>2.5.0</version>
	<description>
	<![CDATA[
		<h1>JA Comment Plugin for Joomla! 2.5</h1>
		<div style='font-weight: normal'>
		<p><span style='color: #ff6600;'><strong>Features:</strong></span></p>
		<p>Allows you to set JA Comment Component features and finer control over where to enable or disable the commenting features</p>
		
		<br/><br/>
		<strong><span style='color: #ff0000;'>Usage Instructions:</span></strong><br />
		<ul>
		<li>Please read the <a target="_blank" href="http://wiki.joomlart.com/wiki/JA_Comment/How-to"><strong> Wiki for configuration</strong></a> and other details.</ul>
		<strong><span style='color: #ff0000;'>Upgrade Method:</span><br /></strong>
		<ul>
		  <li>You can install new version directly over this version. Uninstallation is not required. </li>
		  <li>Backup any customized files before upgrading.</li>
		</ul>
		<span style='color: #008000;'><strong>Links:</strong></span><br />
		<ul>
		 <li><a target='_blank' href='http://update.joomlart.com/'>Updates &amp; Versions</a></li>
		 <li><a target='_blank' href='http://www.joomlart.com/forums/forumdisplay.php?194'>Forum</a></li>
		</ul>
		<p>Copyright 2004 - 2012 <a href='http://www.joomlart.com/' title='Visit Joomlart.com!'>JoomlArt.com</a>.</p>
		</div>
		]]>
		</description>
	<updateservers>
	    <server type="collection">http://update.joomlart.com/service/tracking/list.xml</server>
	</updateservers>
	
	<files>
		<filename plugin="jacomment">jacomment.php</filename>
		<filename plugin="jacomment">index.html</filename>
		<folder>elements</folder>
	</files>
	<languages>
		<language tag="en-GB">en-GB.plg_content_jacomment.ini</language>
	</languages>
	<config>
		<fields 
			name="params" 
			addfieldpath="/plugins/content/jacomment/elements">
			<fieldset name="basic">
				<field 
					name="group" 
					type="japaramhelper" 
					function="@group" level="3" value=""  hiderow="true">
						
						
						<option for="control_comments" value="1" hideRow="true">source</option>
						<option for="source" value="com_k2" hideRow="true">k2catsid,menusid</option>
						<option for="source" value="com_content" hideRow="true">catsid,menusid</option>
						<option for="source" value="both" hideRow="true">catsid,k2catsid,menusid</option>
				</field>
				
				<field 
					name="settingcontent" 
					type="japaramhelper" 
					default="" 
					function="@title" 
					label="General Setting" 
					description="GENERAL SETTING" level="2" />
				<field 
					name="control_comments"
					type="radio"
					default ="1"
					label="CONTROL_PLUGIN"
					description="CONTROL_PLUGIN_DESC">
					<option value="1">Auto</option>
					<option value="0">Manual</option>
				</field>
				<field 
					name="source" 
					type="radio" 
					default="com_content" 
					level="3" 
					label="Enable The Plugin for" 
					description="Enable the plugin for default Joomla content, K2 or both">
						<option value="both">Both</option>
						<option value="com_k2">K2</option>
						<option value="com_content">Joomla Content</option>
				</field>
				<field 
					name="catsid" 
					type="category"
					extension="com_content" 
					default=""
					label="SELECT_CATEGORY"
					multiple="true"
     				size="10"     				
					description="SELECT_CATEGORY_DESC" />
				<field 
					name="k2catsid" 
					type="k2category" 
					default="" 
					label="SELECT_CATEGORY_K2" 
					description="SELECT_CATEGORY_K2_DESC" />
				<field 
					name="menusid" 
					type="menuitem" 
					default=""					
					label="SELECT_MENUS"
					multiple="true"
					size="20" 
					description="SELECT_MENUS_DESC"/>
				
				<field 
					name="settingdisplay" 
					type="japaramhelper" 
					default="" 
					function="@title" 
					label="Display setting" 
					description="DISPLAY SETTING" level="2" />
				<field 
					name="postion_add_button" 
					type="list" 
					default="onContentBeforeDisplay" 
					label="POSTION_OF_ADD_NEW_BUTTON"
					description="POSTION_OF_ADD_NEW_BUTTON_DESC">						
						<option value="onContentAfterDisplay">On Content after display</option>                        
						<option value="onContentBeforeDisplay">On Content before display</option>						
				</field>
				<field 
					name="display_comment_link" 
					type="radio"					
					default="1" 
					label="DISPLAY_COMMENT_LINK" 
					description="DISPLAY_COMMENT_LINK_DESC">
					<option value="0">No</option>
            		<option value="1">Yes</option>
            	</field>
				<field 
					name="display_comment_count" 
					type="radio"
					default="1" 					
					label="DISPLAY_COMMENT_COUNT" 
					description="DISPLAY_COMMENT_COUNT_DESC">
					<option value="0">No</option>
            		<option value="1">Yes</option>
            	</field>
			</fieldset>
		</fields>
	</config>		
</extension>