<?xml version="1.0" encoding="iso-8859-1"?>
<extension version="1.7" type="plugin" group="system" method="upgrade">
	<name>System - JA Janrain</name>
	<author>JoomlArt.com</author>
	<creationDate>March 2012</creationDate>
	<copyright>J.O.O.M Solutions Co., Ltd.</copyright>
	<license>GNU/GPL V3</license>
	<authorEmail>webmaster@joomlart.com</authorEmail>
	<authorUrl>www.joomlart.com</authorUrl>
	<version>2.5.0</version>
	<updateservers>
		<server type="collection">http://update.joomlart.com/service/tracking/list.xml</server>
	</updateservers>
	<description>
	<![CDATA[
	<div style='font-weight:normal'>
	<h1>JA Janrain Plugin for Joomla! 2.5</h1>
	<p><span style="color: #008000;"><strong>The JA Janrain plugin makes it possible for users to log in to your site by using their facebook, google, yahoo, twitter, ... account.</strong></span></p>
	<p><span style="color: #ff6600;"><strong>Features:</strong></span></p>
	<p>The JA Janrain plugin makes it possible for users to log in to your site by using their facebook, google, yahoo, twitter, ... account. This means they no longer have to register to your site. Janrain will handle the registration for them by using their social media account.</p>
	<p><strong><span style="color: #ff0000;">Important Instructions:</span><br /></strong></p>
	<p>You can choose whether your users have the option to use the normal Joomla login form next to the Janrain login.	</p>
	<p><strong><span style="color: #ff0000;">Usage Instructions:</span><br /></strong></p>
	<p>Support login by using eg. facebook, google, yahoo,twitter,myspace,openid...accounts.<br />Auto create new account with received information from openid site.<br />	Use <code>{janrain}</code> tag in specific articles.</p>
	<p><strong><span style="color: #ff0000;">Upgrade Methods:</span><br /></strong></p><ol><li>Module supports upgrade method. You can install new version directly over this version. Uninstallation is not required. Backup any customized file before upgrading</li></ol><p><span style="color: #008000;"><strong>Links:</strong></span></p>	
	<ul><li><a target="_blank" href="http://www.joomlart.com/forums/showthread.php?50376">General Userguide</a></li>
		 <li><a target='_blank' href='http://update.joomlart.com/'>Updates &amp; Versions</a></li>
		</ul>
	<p>Copyright 2004 - 2012 <a href="http://www.joomlart.com/" title="Visit Joomlart.com!">JoomlArt.com</a>.</p>
	</div>
	]]>
	</description>
	<languages>
		<language tag="en-GB">en-GB.plg_system_janrain.ini</language>
	</languages>
	<files>
		<filename plugin="janrain">janrain.php</filename>
		<filename>JSON.php</filename>
		<filename>index.html</filename>
		<folder>assets</folder>
		<folder>elements</folder>
		<folder>images</folder>
		<folder>tmpl</folder>
	</files>
	<config>
		<fields name="params" addfieldpath="/plugins/system/janrain/elements">
			<fieldset name="basic">
				<field name="usecurl" type="radio" default="1" label="USE_CURL_LIBRARY"
					description="USECURLLIBRYDESC">
					<option value="0">No</option>
					<option value="1">Yes</option>
				</field>
				<field name="register" type="radio" default="1"
					label="REGISTER_NEW_USER" description="AUTO_CREATE_NEW_USER">
					<option value="0">No</option>
					<option value="1">Yes</option>
				</field>
				<field name="showlogin" type="radio" default="0"
					label="SHOW_NORMAL_LOGIN_FORM" description="SHOW_NORMAL_LOGIN_FORM_DESC">
					<option value="0">No</option>
					<option value="1">Yes</option>
				</field>
				<field name="loginsetting" type="japaramhelper" default=""
					function="@title" label="LOGIN_INTERFACE_SETTINGS" description="LOGIN_INTERFACE_SETTINGS" />
				<field name="japretext" type="textarea" cols="30" rows="5"
					default="" label="PARAMPRETEXT" description="PARAMPRETEXT" />
				<field name="japosttext" type="textarea" cols="30" rows="5"
					label="PARAMPOSTTEXT" description="PARAMPOSTTEXT" />
				<field name="logout" type="menuitem" default="" disable="separator"
					label="LOGOUT_REDIRECTION_URL" description="PARAMLOGOUTREDIRECTURL">
					<option value="">JDEFAULT</option>
				</field>
				<field name="greeting" type="radio" default="1" label="GREETING"
					description="SHOW_HIDE_THE_SIMPLE_GREETING_TEXT">
					<option value="0">No</option>
					<option value="1">Yes</option>
				</field>
				<field name="name" type="list" default="0" label="NAME_USERNAME"
					description="NAME_USERNAME">
					<option value="0">Username</option>
					<option value="1">Name</option>
				</field>
				<field name="usesecure" type="radio" default="0"
					label="ENCRYPT_LOGIN_FORM" description="SUBMIT_ENCRYPTED_LOGIN_DATA_REQUIRES_SSL">
					<option value="0">No</option>
					<option value="1">Yes</option>
				</field>
				<field name="rpxsetting" type="japaramhelper" default=""
					function="@title" label="RPX_SETTING" description="RPX_SETTING" />
				<field name="application" type="text" default="https://joomlart-rpxnow.rpxnow.com/"
					label="RPX_APPLICATION" description="RPX_APPLICATION_DESC" />
				<field name="apikey" type="text"
					default="ab29eeaccd942a881d891dc1f7745bcdd706bf50" label="RPX_API"
					description="RPX_API_DESC" />
			</fieldset>
		</fields>
	</config>
</extension>